t,h_quantum
0.0,0.01
0.01,0.01
0.03,0.02
0.05960230913523101,0.029602309135231014
0.09189448067766887,0.03229217154243785
0.12334724477724143,0.03145276409957256
0.15502203665960573,0.0316747918823643
0.1856511098328381,0.030629073173232393
0.21807732469323585,0.03242621486039773
0.25598678003107506,0.0379094553378392
0.2990914644771567,0.04310468444608163
0.3422821771094944,0.04319071263233772
0.3873627883572121,0.04508061124771775
0.4396415444612813,0.05227875610406917
0.4746365408239581,0.03499499636267681
0.48385556575763805,0.009219024933679909
0.4928735530870435,0.009017987329405437
0.5031801802133232,0.010306627126279742
0.5148154944176684,0.011635314204345146
0.5293462716216317,0.014530777203963315
0.5430447233800599,0.013698451758428251
0.5534572521742956,0.01041252879423574
0.5636989405386419,0.010241688364346241
0.5768944881395112,0.013195547600869249
0.5939407762438871,0.017046288104375966
0.6016560196947884,0.007715243450901406
0.6086733106966984,0.007017291001909965
0.6160644628740495,0.0073911521773510755
0.6237047944226936,0.007640331548644042
0.6316844412485373,0.007979646825843761
0.6400928387083732,0.008408397459835956
0.649079817291681,0.008986978583307787
0.6589021860987658,0.009822368807084855
0.6700680653706522,0.011165879271886352
0.6837792165621694,0.013711151191517175
0.6987276999929127,0.014948483430743233
0.7079909031901618,0.009263203197249095
0.7169575420374414,0.008966638847279608
0.7273302889977353,0.010372746960293932
0.7391379171566927,0.011807628158957409
0.7544489656397386,0.01531104848304584
0.7660858130973084,0.011636847457569766
0.7770883127920177,0.011002499694709313
0.7905379674206758,0.013449654628658145
0.8060621458538615,0.015524178433185702
0.8149638013430466,0.00890165548918512
0.8235199277613653,0.0085561264183187
0.8331393737395758,0.009619445978210482
0.8437684933177922,0.010629119578216481
0.8565452375171344,0.012776744199342126
0.8734999595826644,0.0169547220655299
0.8818804403205649,0.008380480737900544
0.8896067447360109,0.0077263044154459205
0.8980009840470534,0.008394239311042564
0.9068859820085371,0.008884997961483657
0.9165866160667732,0.009700634058236096
0.9275321544584226,0.01094553839164947
0.9408102656789403,0.01327811122051772
0.9566663780544146,0.015856112375474244
0.9653966694760664,0.008730291421651876
0.9737532347105506,0.00835656523448429
0.9830364086773592,0.009283173966808524
0.9931685101195681,0.010132101442208833
0.9990689260850857,0.00590041596551756
0.9998064780807754,0.000737551995689695
0.9999908660796978,0.00018438799892242375
0.9999976101179079,6.744038210084464e-06
1.0000000914072829,2.4812893750763773e-06
1.0000024439068462,2.35249956336529e-06
1.000007148905973,4.70499912673058e-06
1.0000165589042265,9.40999825346116e-06
1.0000353789007335,1.881999650692232e-05
1.0000730188937472,3.763999301384464e-05
1.000148298879775,7.527998602768928e-05
1.0002988588518305,0.00015055997205537855
1.0005999787959412,0.0003011199441107571
1.0012022186841627,0.0006022398882215142
1.0024066984606057,0.0012044797764430284
1.0048156580134917,0.002408959552886057
1.0096335771192637,0.004817919105772114
1.019269415330808,0.009635838211544227
1.0343231818484808,0.015053766517672916
1.0464604319249287,0.012137250076447859
1.057969415731669,0.01150898380674035
1.070615618132153,0.012646202400483865
1.0865789484554138,0.015963330323260902
1.095497532222967,0.00891858376755324
1.1040011256216236,0.008503593398656605
1.113572329875009,0.009571204253385424
1.124115774984837,0.01054344510982791
1.1367304477780797,0.012614672793242788
1.1533711493172372,0.016640701539157397
1.1620370603402626,0.00866591102302539
1.170223456283625,0.00818639594336233
1.1792762379913875,0.009052781707762487
1.1890655947331878,0.0097893567418003
1.2002478208446863,0.011182226111498383
1.2139443742220908,0.01369655337740454
1.2288793146979047,0.014934940475813827
1.2381543042892256,0.009274989591320972
1.2471334992409586,0.00897919495173294
1.2575314450823492,0.0103979458413906
1.2693801367630722,0.011848691680722927
1.284779880789221,0.015399744026148934
1.2962282659695363,0.011448385180315374
1.3070440489138906,0.010815782944354231
1.3206856406574872,0.013641591743596578
1.3359284606886879,0.015242820031200727
1.3449800209719514,0.009051560283263432
1.3537115114662919,0.008731490494340534
1.3636397649609673,0.009928253494675429
1.37474192724414,0.011102162283172566
1.3885149028992738,0.013772975655133982
1.4034331183335795,0.014918215434305642
1.4127022050361573,0.009269086702577674
1.4216786574604796,0.0089764524243223
1.4320683240644005,0.010389666603920841
1.443904768875379,0.01183644481097844
1.4592776009966357,0.015372832121256666
1.4707817563462418,0.011504155349606
1.4816527602581866,0.010871003911944772
1.4952476112137734,0.013594850955586865
1.5105708447056205,0.015323233491847115
1.5195756789588433,0.009004834253222786
1.5282533946418577,0.008677715683014448
1.5380849935460175,0.0098315989041597
1.5490375702401857,0.010952576694168365
1.562489402439949,0.013451832199763276
1.5780351403807245,0.01554573794077557
1.5869214898958603,0.008886349515135917
1.5954608838871858,0.008539393991325465
1.6050508998822044,0.009590015995018627
1.615636000307635,0.010585100425430694
1.6283229843802065,0.012686984072571341
1.645110379905482,0.01678739552527553
1.653567595914221,0.008457216008738985
1.6615381363685846,0.007970540454363484
1.6702402592717704,0.008702122903185752
1.6795485067927236,0.009308247520953177
1.6899095805204316,0.01036107372770802
1.7020154338383178,0.012105853317886241
1.7177289340014747,0.01571350016315701
1.7282223945479742,0.010493460546499564
1.7381343696383202,0.009911975090345918
1.7509718205407037,0.012837450902383462
1.7670454024544497,0.01607358191374612
1.7754851320681189,0.008439729613669173
1.7835574177974844,0.008072285729365684
1.7923653803478252,0.00880796255034079
1.8018315143031793,0.00946613395535414
1.8124467314656258,0.010615217162446622
1.8250325823375255,0.012585850871899588
1.8417010457401028,0.016668463402577265
1.8504216589430769,0.008720613202973918
1.8586504025799917,0.008228743636914941
1.8677818291049908,0.009131426524999087
1.8776790133457355,0.00989718424074477
1.889056604871815,0.011377591526079481
1.9031513922299828,0.014094787358167816
1.9171630842274756,0.014011691997492953
1.9272029185354063,0.010039834307930748
1.9370341748257183,0.009831256290311953
1.949281590027005,0.012247415201286723
1.9644391492104527,0.015157559183447628
1.974923780413603,0.010484631203150442
1.9849393276910179,0.010015547277414737
1.9979095017287078,0.01297017403768997
1.9999615078430546,0.002052006114346755
1.9999935704385912,3.206259553666805e-05
1.999998694491376,5.124052784778843e-06
2.0000002753080954,1.5808167197087971e-06
2.0000018760177167,1.6007096211945847e-06
2.0000050774369593,3.2014192423891694e-06
2.000011480275444,6.402838484778339e-06
2.0000242859524135,1.2805676969556678e-05
2.0000498973063525,2.5611353939113355e-05
2.000101120014231,5.122270787822671e-05
2.0002035654299872,0.00010244541575645342
2.0004084562615003,0.00020489083151290684
2.000818237924526,0.0004097816630258137
2.0016378012505776,0.0008195633260516274
2.003276927902681,0.0016391266521032547
2.0065551812068874,0.0032782533042065094
2.0131116878153006,0.006556506608413019
2.0262247010321266,0.013113013216826038
2.0416085697208213,0.015383868688694752
2.0498413030696576,0.008232733348836431
2.0578175983672575,0.007976295297599986
2.066428472847666,0.008610874480408542
2.075639555227735,0.009211082380069036
2.085834024221933,0.010194468994197814
2.097645620273362,0.0118115960514287
2.112734362273396,0.015088742000034008
2.1245369144239183,0.0118025521505227
2.135735550082282,0.011198635658363579
2.1489874082665796,0.013251858184297916
2.1646368754674135,0.01564946720083375
2.1735091605344117,0.0088722850669982
2.182020712591599,0.008511552057187434
2.191569604042842,0.009548891451242509
2.202091028546238,0.010521424503396147
2.214651153716737,0.012560125170498863
2.231193454630334,0.01654230091359691
2.2400343622571537,0.008840907626819525
2.248384009280726,0.008349647023572654
2.257725801339464,0.00934179205873756
2.2679208127773713,0.01019501143790767
2.2798559435774157,0.011935130800044512
2.29511197082641,0.015256027248994056
2.306426684787627,0.011314713961217207
2.3171531769769076,0.010726492189280597
2.330924283498938,0.013771106522030358
2.3459319387515083,0.015007655252570121
2.355130213362612,0.009198274611103719
2.3640290291154975,0.008898815752885514
2.3742677173126183,0.0102386881971208
2.385860576326987,0.011592859014368738
2.400706355777945,0.014845779450957818
2.4133437915940186,0.012637435816073727
2.42535652712163,0.012012735527611838
2.437142104666083,0.011785577544452835
2.450505205774154,0.013363101108070732
2.46440418922059,0.013898983446436083
2.4747806241392443,0.010376434918654292
2.4849470793379766,0.010166455198732422
2.4980173383074646,0.013070258969488057
2.5148071890813717,0.016789850773906965
2.522569281180228,0.007762092098856148
2.529864588853748,0.007295307673520032
2.5375679883246476,0.007703399470899884
2.5455938981172612,0.008025909792613787
2.554071054454087,0.008477156336825822
2.5631519620713976,0.009080907617310419
2.573118627703019,0.009966665631621515
2.5845362727221817,0.01141764501916279
2.598778051796892,0.014241779074710434
2.612513757149381,0.013735705352489046
2.6228324722212193,0.010318715071838335
2.6329731286916216,0.01014065647040232
2.6459475062253146,0.01297437753369293
2.6625634309285693,0.016615924703254733
2.6704657934500107,0.007902362521441341
2.678001981125282,0.007536187675271485
2.68600814045946,0.008006159334177768
2.694416946765916,0.008408806306456225
2.703414837885531,0.00899789111961554
2.7132507302268154,0.00983589234128429
2.7244435756819647,0.011192845455149465
2.7382143547952102,0.013770779113245714
2.7530208535247365,0.014806498729526111
2.762382562107426,0.009361708582689688
2.771460231191601,0.009077669084174561
2.7820518476977454,0.010591616506144432
2.7942199351826402,0.012168087484894641
2.810271474135305,0.016051538952664937
2.8203789149029337,0.010107440767628683
2.8298942684613295,0.009515353558395744
2.841806820551156,0.011912552089826594
2.856096674919469,0.014289854368313136
2.8683720006535887,0.01227532573411969
2.8801999247506576,0.011827924097068834
2.892818155765909,0.012618231015251415
2.907804320403123,0.014986164637213872
2.9174180749201484,0.009613754517025052
2.926693600248832,0.009275525328683743
2.937766798037636,0.011073197788803717
2.9507185521210038,0.012951754083368102
2.9679336456492997,0.01721509352829605
2.975242662843163,0.0073090171938635165
2.9825302858843514,0.007287623041188235
2.9901159244782183,0.007585638593866783
2.998014507548747,0.00789858307052858
2.9990527498213804,0.0010382422726332192
2.999571870957697,0.0005191211363166096
2.9998314315258554,0.0002595605681583048
2.9999612118099344,0.0001297802840791524
2.999993656880954,3.24450710197881e-05
2.9999987752876907,5.118406736563379e-06
3.000000332509036,1.5572213451078007e-06
3.0000019077657383,1.575256702536895e-06
3.0000050582791435,3.15051340507379e-06
3.0000113593059536,6.30102681014758e-06
3.000023961359574,1.260205362029516e-05
3.000049165466814,2.520410724059032e-05
3.0000995736812954,5.040821448118064e-05
3.000200390110258,0.00010081642896236128
3.0004020229681827,0.00020163285792472257
3.000805288684032,0.00040326571584944513
3.001611820115731,0.0008065314316988903
3.003224882979129,0.0016130628633977805
3.006451008705924,0.003226125726795561
3.0129032601595154,0.006452251453591122
3.021700895528198,0.008797635368682635
3.0307459555799774,0.00904506005177932
3.040865389158128,0.010119433578150663
3.052436359652227,0.011570970494098717
3.0670875788386818,0.014651219186455176
3.079982406884843,0.012894828046161301
3.092279396923053,0.012296990038210278
3.1036712589437423,0.011391862020689123
3.1157242617290803,0.012053002785338142
3.1311569810073707,0.01543271927829046
3.1419903995413248,0.010833418533954215
3.152255541379486,0.010265141838161363
3.1657564354025762,0.013500894023090312
3.1806809106624345,0.014924475259858074
3.190017955089716,0.009337044427281359
3.1990547984854283,0.009036843395712408
3.2095755184230192,0.01052071993759112
3.221621577860435,0.012046059437415676
3.2374337632877594,0.01581218542732438
3.248028646634397,0.010594883346637494
3.258010981731406,0.009982335097009087
3.2710232812694904,0.013012299538084268
3.2874454182838355,0.01642213701434498
3.295357738689707,0.007912320405871306
3.3029261304358193,0.007568391746112512
3.31097050075997,0.008044370324150936
3.3194292324639214,0.00845873170395133
3.3284969417775763,0.009067709313654767
3.3384385655789113,0.009941623801335191
3.349815022592539,0.011376457013627682
3.3639681821564604,0.014153159563921557
3.377906653164367,0.013938471007906572
3.3880126612162673,0.010106008051900395
3.397918240840512,0.009905579624244763
3.4103395968845844,0.012421356044072154
3.4258391160108994,0.015499519126314944
3.4356079743626666,0.009768858351767227
3.444929555021401,0.009321580658734216
3.4562211244241894,0.011291569402788484
3.469494368831696,0.013273244407506577
3.4849424615333855,0.015448092701689585
3.4939458179575666,0.00900335642418093
3.5026033624476036,0.00865754449003684
3.5124103062393957,0.009806943791792117
3.523320786901135,0.010910480661739339
3.536686584578958,0.013365797677823288
3.5523948196987907,0.015708235119832353
3.5611959798014907,0.008801160102700246
3.569636310561868,0.008440330760376943
3.5790580314624263,0.009421720900558346
3.589392907239901,0.010334875777474975
3.6015821091442577,0.012189201904356716
3.6173784472145742,0.015796338070316412
3.627586073910287,0.010207626695713004
3.637233908763323,0.009647834853035707
3.649431058923234,0.012197150159911057
3.6642647231663323,0.014833664243098304
3.675151564908576,0.010886841742243551
3.685592853196813,0.010441288288237198
3.6993382547711255,0.013745401574312711
3.714124142815164,0.01478588804403845
3.7235097735829052,0.009385630767741137
3.732612382467233,0.009102608884327701
3.743255606434821,0.01064322396758791
3.7555090900309755,0.012253483596154401
3.7717235438203285,0.016214453789352715
3.7815069847763727,0.00978344095604441
3.790714891466368,0.00920790668999549
3.8018787402680148,0.01116384880164634
3.814872688866702,0.012993948598687438
3.832044817875658,0.017172129008956073
3.8393017160560574,0.007256898180399102
3.8465387693479736,0.0072370532919160055
3.8540601174846785,0.007521348136704781
3.8618797065398285,0.00781958905515008
3.870083557113583,0.008203850573754537
3.878790720824181,0.00870716371059802
3.88820092621854,0.00941020539435891
3.898683345832072,0.010482419613532025
3.9110435509696346,0.012360205137562627
3.927259755137526,0.01621620416789165
3.9367629014571786,0.009503146319652331
3.9457296733222136,0.00896677186503508
3.9563151803691863,0.010585507046972831
3.968378471489799,0.012063291120612761
3.9842759301444732,0.01589745865467412
3.9934690053884885,0.00919307524401514
3.9983775762911824,0.004908570902694053
3.999604719016856,0.0012271427256735133
3.9999115046982743,0.00030678568141837833
3.999988201118629,7.669642035459458e-05
3.9999977881711732,9.587052544324323e-06
4.000000035684075,2.2475129022636014e-06
4.000002174693457,2.139009381761576e-06
4.0000064527122206,4.278018763523152e-06
4.000015008749748,8.556037527046304e-06
4.000032120824802,1.7112075054092608e-05
4.00006634497491,3.4224150108185216e-05
4.0001347932751266,6.844830021637043e-05
4.000271689875559,0.00013689660043274087
4.000545483076425,0.00027379320086548173
4.001093069478156,0.0005475864017309635
4.002188242281617,0.001095172803461927
4.004378587888541,0.002190345606923854
4.008759279102389,0.004380691213847708
4.017520661530084,0.008761382427695415
4.028878760841501,0.01135809931141656
4.041700321420535,0.01282156057903443
4.058268745178464,0.016568423757928323
4.066497777578134,0.008229032399670341
4.074320166396713,0.007822388818578042
4.082758827416511,0.008438661019798843
4.091724919281901,0.008966091865389967
4.101541879148516,0.009816959866614036
4.112688584653059,0.01114670550454294
4.126375225927078,0.013686641274019255
4.141368827454441,0.014993601527362335
4.150599786220623,0.00923095876618238
4.159530089159692,0.008930302939069176
4.169833409692668,0.0103033205329755
4.181528914307994,0.011695504615325739
4.196599322572541,0.015070408264547088
4.208750772081377,0.012151449508836044
4.2202689983510515,0.011518226269674636
4.232896050340194,0.01262705198914163
4.248818202431528,0.015922152091335153
4.257816842445092,0.008998640013563547
4.26639700922223,0.008580166777137205
4.276110157195164,0.009713147972933581
4.28686224511139,0.010752087916226158
4.299907361203736,0.013045116092346671
4.31732874837285,0.01742138716911317
4.324403009208756,0.007074260835905719
4.331453031181906,0.007050021973150403
4.338742909819172,0.007289878637266555
4.346281940794527,0.007539030975355064
4.354131306707548,0.007849365913020778
4.362371794360193,0.00824048765264474
4.371128878084828,0.008757083724634889
4.380611412439998,0.009482534355170148
4.3912109371450265,0.01059952470502911
4.403795159714723,0.012584222569696497
4.420447788262683,0.01665262854795982
4.429179583385538,0.008731795122854479
4.437420141572947,0.008240558187409298
4.446571475916184,0.009151334343237866
4.456496683053187,0.009925207137003024
4.467925383308019,0.011428700254832702
4.48212556481404,0.014200181506020718
4.495887628641646,0.013762063827606003
4.50618528680008,0.01029765815843432
4.516301488766542,0.010116201966462283
4.5292201013646665,0.012918612598123819
4.545720595602751,0.016500494238084452
4.553786191584504,0.008065595981753165
4.561477666527011,0.007691474942507332
4.569708468588901,0.008230802061889864
4.578404667408701,0.00869619881979916
4.587814672182827,0.009410004774126304
4.598289748169869,0.01047507598704164
4.610640620671737,0.012350872501868303
4.626835373249449,0.016194752577712128
4.636374435896384,0.009539062646934932
4.645375582924001,0.009001147027616936
4.656037027550373,0.010661444626371773
4.668221428250159,0.012184400699786189
4.684350152234234,0.016128723984075118
4.694367527436992,0.010017375202757476
4.703791749141486,0.009424221704493582
4.715485813537379,0.011694064395893497
4.729384115703675,0.013898302166295432
4.742807412322972,0.013423296619297304
4.753622770909485,0.010815358586512306
4.764292710033958,0.010669939124472927
4.778352518824739,0.014059808790780897
4.792905652360219,0.014553133535481051
4.80241832227688,0.009512669916660735
4.811673362126296,0.009255039849416124
4.822621372131067,0.01094801000477093
4.835396790681368,0.012775418550300375
4.852436049895593,0.017039259214226048
4.860867261478306,0.008431211582712796
4.868558019295584,0.007690757817277539
4.876935092518156,0.008377073222571923
4.885790292454618,0.008855199936461503
4.8954485842401905,0.00965829178557252
4.906322408312467,0.010873824072276075
4.9194568562202345,0.013134447907767532
4.937033938836425,0.017577082616190558
4.943909859904196,0.006875921067771059
4.95076011824282,0.006850258338623077
4.957808965954002,0.00704884771118256
4.965062516180117,0.007253550226114879
4.972562953991413,0.007500437811296194
4.980363650761007,0.00780069676959478
4.988541855427967,0.008178204666959708
4.997214879497812,0.008673024069844451
4.999555086514965,0.0023402070171527254
4.999847612392109,0.0002925258771440907
4.999993875330682,0.00014626293857204534
4.999999685221896,5.80989121464653e-06
5.00000273518891,3.0499670143420662e-06
5.000005508628702,2.773439791533269e-06
5.000011055508285,5.546879583066538e-06
5.000022149267451,1.1093759166133076e-05
5.000044336785783,2.2187518332266153e-05
5.000088711822448,4.4375036664532306e-05
5.000177461895777,8.875007332906461e-05
5.000354962042435,0.00017750014665812922
5.000709962335751,0.00035500029331625844
5.001419962922384,0.0007100005866325169
5.002839964095649,0.0014200011732650338
5.005679966442179,0.0028400023465300676
5.0113599711352395,0.005680004693060135
5.021643320824756,0.01028334968951643
5.0321961681058,0.010552847281044381
5.045685824828844,0.013489656723043988
5.061003316623848,0.015317491795004677
5.070036311092025,0.009032994468176972
5.078739153906774,0.008702842814749296
5.0886225928766065,0.009883438969832684
5.099654471765349,0.01103187888874198
5.113278297761003,0.01362382599565445
5.1284879496434375,0.01520965188243516
5.137568277850123,0.009080328206686002
5.146330292381253,0.008762014531129708
5.1563163376121715,0.009986045230918308
5.167508288150267,0.011191950538095283
5.181476823692803,0.01396853554253542
5.195995552633709,0.014518728940906328
5.20556063253564,0.009565079901930387
5.214869163020907,0.009308530485267063
5.225934612573472,0.011065449552564393
5.238911706622521,0.012977094049050059
5.256170409334361,0.017258702711839668
5.263419573461576,0.007249164127214391
5.27064677620931,0.00722720274773456
5.278156142210117,0.007509366000806004
5.285960989716702,0.007804847506585192
5.294145919924555,0.00818493020785275
5.302827625741071,0.008681705816516429
5.3122010729807725,0.00937344723970103
5.322624517436699,0.010423444455926193
5.334873282167986,0.01224876473128697
5.350863894375586,0.01599061220760038
5.360789674842474,0.009925780466887803
5.370158568212488,0.00936889337001353
5.381680199132871,0.011521630920383812
5.395295436360768,0.013615237227896258
5.409622602462611,0.014327166101843336
5.419465050724629,0.00984244826201775
5.429060114428863,0.009595063704234096
5.440778131129261,0.011718016700398596
5.454918519688826,0.014140388559565554
5.467966483097241,0.013047963408414964
5.479260676525916,0.01129419342867541
5.490465189660361,0.011204513134444654
5.504922105952107,0.01445691629174663
5.518786675728668,0.013864569776560818
5.528908097795842,0.010121422067174151
5.538840512411317,0.009932414615475008
5.551314982504747,0.012474470093430388
5.566926122300289,0.015611139795540963
5.576485539255846,0.00955941695555725
5.5856045315642335,0.009118992308387674
5.596430446835483,0.01082591527124989
5.6089216941697435,0.01249124733426057
5.6255614115785635,0.01663971740882035
5.634520859401801,0.0089594478232367
5.6429568885951085,0.008436029193308325
5.652475170741152,0.009518282146043243
5.662917950259285,0.010442779518133325
5.675345208759396,0.012427258500110533
5.6916109105812565,0.016265701821860643
5.70091621404764,0.009305303466383773
5.709705369217751,0.00878915517011067
5.719900697771913,0.01019532855416211
5.731358120510587,0.01145742273867358
5.745962034526702,0.014603914016115584
5.759184295142551,0.013222260615849017
5.770092139984255,0.010907844841704761
5.780887916196644,0.01079577621238849
5.795123678617117,0.014235762420473627
5.809496207980906,0.014372529363788137
5.819138343765402,0.009642135784495694
5.828541018552123,0.009402674786721715
5.83980127691571,0.011260258363587749
5.853125643800739,0.013324366885028974
5.8685443850317425,0.015418741231003555
5.877554026245041,0.009009641213298307
5.886221598743761,0.008667572498720652
5.8960447219610606,0.009823123217299522
5.9069806638552045,0.010935941894143585
5.920400045951727,0.01341938209652265
5.936007599868033,0.015607553916306274
5.944860939591473,0.008853339723440686
5.953362044003977,0.00850110441250311
5.962886480122201,0.009524436118224292
5.973373543382623,0.010487063260421717
5.985863110267442,0.012489566884819904
5.994065603913696,0.008202493646253056
5.998154302541229,0.00408869862753318
5.999176477198112,0.001022174656883295
5.999687564526554,0.0005110873284416475
5.999943108190775,0.00025554366422082374
5.999975421752611,3.231356183587297e-05
5.999994153081958,1.8731329347573947e-05
5.999999155664044,5.002582086681128e-06
6.000002675006117,3.51934207308062e-06
6.000005853562161,3.178556044219802e-06
6.0000122106742495,6.357112088439604e-06
6.000024924898426,1.2714224176879207e-05
6.00005035334678,2.5428448353758415e-05
6.000101210243487,5.085689670751683e-05
6.000202924036903,0.00010171379341503366
6.000406351623733,0.00020342758683006732
6.0008132067973925,0.00040685517366013463
6.001626917144713,0.0008137103473202693
6.003254337839354,0.0016274206946405385
6.006509179228635,0.003254841389281077
6.013018862007197,0.006509682778562154
6.026038227564321,0.013019365557124308
6.044534396441591,0.018496168877270618
6.051263657351695,0.006729260910103733
6.057947756258643,0.00668409890694731
6.064803668926651,0.006855912668008191
6.071833427731739,0.007029758805087752
6.079068338023145,0.007234910291406228
6.0865464832288465,0.007478145205701546
6.094320370351123,0.007773887122275958
6.102464944590545,0.008144574239421824
6.111093555474652,0.00862861088410751
6.120391292904363,0.009297737429710384
6.130694820158563,0.01030352725420084
6.142719537194344,0.012024717035780026
6.158239963648945,0.01552042645460066
6.169102056219476,0.010862092570531424
6.17937481551943,0.010272759299954314
6.192887611550992,0.013512796031562392
6.207805688489349,0.014918076938357186
6.217144408314046,0.00933871982469729
6.226183790748338,0.009039382434291407
6.236708915071589,0.01052512432325141
6.248762406061586,0.012053490989996751
6.264589274283601,0.015826868222014553
6.275154060910105,0.01056478662650361
6.285107421079234,0.009953360169129
6.29805852597982,0.012951104900585805
6.314351263216177,0.016292737236357276
6.32244554474667,0.008094281530492714
6.330188224857625,0.00774268011095486
6.338485655008036,0.008297430150410871
6.347270226127211,0.008784571119175145
6.356810097842413,0.00953987171520185
6.367495214477781,0.010685116635368272
6.380251139040155,0.01275592456237329
6.397216371286894,0.016965232246739393
6.405642733602701,0.008426362315807023
6.413402224296047,0.007759490693346391
6.421853871372377,0.008451647076329867
6.430812193465499,0.008958322093121689
6.44062575186829,0.009813558402790811
6.451760697511578,0.011134945643288712
6.465426811228001,0.013666113716422278
6.480472504642701,0.015045693414699381
6.489667355983383,0.009194851340682732
6.498557267434554,0.008889911451171626
6.508782602373977,0.010225334939423241
6.520352555170211,0.011569952796233872
6.5351494223429025,0.014796867172691535
6.547894647350077,0.012745225007174336
6.5600181414789756,0.012123494128898417
6.571629215453381,0.011611073974405733
6.584448604669007,0.012819389215626179
6.600372298872257,0.015923694203249444
6.608929191969414,0.008556893097157764
6.617124511829268,0.008195319859854071
6.626129024553069,0.009004512723799894
6.63586814064609,0.009739116093020797
6.646951213020525,0.011083072374435133
6.660454689380443,0.01350347635991744
6.675821933085251,0.015367243704807892
6.684819065938329,0.00899713285307823
6.693483317886324,0.008664251947995352
6.703293729269156,0.00981041138283162
6.714212677669622,0.01091894840046598
6.727593845527581,0.013381167857959139
6.743272981716631,0.015679136189050053
6.752089091136976,0.008816109420344885
6.760546847374523,0.008457756237547588
6.769997859047953,0.009451011673429443
6.780375960981049,0.010378101933096249
6.79264971371416,0.012273752733111171
6.808619817887471,0.015970104173310996
6.818490626445541,0.0098708085580702
6.8278156774560275,0.009325051010486344
6.839221286922104,0.011405609466076851
6.8526411890476675,0.013419902125563422
6.86758114631312,0.014939957265452565
6.876928036750013,0.009346890436892722
6.885971344198824,0.009043307448810873
6.896508323538251,0.010536979339427483
6.908579588456922,0.012071264918670934
6.9244435072126205,0.015863918755698304
6.934934325587687,0.010490818375065986
6.944816304036142,0.009881978448455337
6.957610838000221,0.012794533964078952
6.973580112149916,0.015969274149695425
6.982167809172913,0.008587697022996867
6.990383613883827,0.008215804710913847
6.999427385069111,0.009043771185283565
6.999733404019124,0.00030601895001364026
6.9998864134941305,0.00015300947500682013
6.999962918231634,7.650473750341007e-05
6.99998408060989,2.116237825603464e-05
6.999997259818659,1.317920876862203e-05
6.9999999673773505,2.707558692024497e-06
7.000003283537619,3.3161602679197584e-06
7.000006275431796,2.9918941781607346e-06
7.000012259220153,5.983788356321469e-06
7.0000242267968655,1.1967576712642938e-05
7.000048161950291,2.3935153425285877e-05
7.000096032257142,4.7870306850571754e-05
7.000191772870843,9.574061370114351e-05
7.000383254098245,0.00019148122740228702
7.00076621655305,0.00038296245480457403
7.001532141462659,0.0007659249096091481
7.003063991281877,0.0015318498192182961
7.006127690920314,0.0030636996384365922
7.012255090197187,0.0061273992768731845
7.023295377446858,0.01104028724967088
7.034717666334204,0.011422288887346876
7.049770831008412,0.015053164674207987
7.062586271131222,0.012815440122809597
7.074725390143465,0.01213911901224343
7.086158883388764,0.011433493245299282
7.098713731901536,0.012554848512771673
7.114743954671695,0.016030222770159128
7.123850550398282,0.00910659572658626
7.132506663613578,0.008656113215295642
7.142387779142863,0.0098811155292859
7.1533843694676476,0.010996590324784136
7.166957987966199,0.01357361849855108
7.182275620186515,0.015317632220316577
7.191290536518293,0.009014916331777988
7.19997805556956,0.00868751905126739
7.209828422888775,0.009850367319214327
7.22080955073717,0.010981127848395262
7.234322718297684,0.01351316756051436
7.249751249702985,0.01542853140530099
7.258702409201309,0.008951159498323917
7.267316640679689,0.00861423147838022
7.277036830692277,0.009720190012587289
7.287818555304007,0.01078172461173033
7.300910277046774,0.013091721742766895
7.318411015539124,0.01750073849235034
7.325381450837134,0.006970435298010133
7.332326898104396,0.006945447267262075
7.339489774807146,0.00716287670274946
7.346877578530592,0.007387803723446787
7.3545407123884905,0.007663133857897775
7.362544208532662,0.008003496144171852
7.370985269651034,0.008441061118372317
7.380017738696884,0.009032469045849765
7.38990983574513,0.009892097048246545
7.401197743935315,0.011287908190185074
7.415167463293127,0.013969719357812275
7.429528079037063,0.014360615743935528
7.439241221173039,0.009713142135975973
7.448711386972124,0.009470165799085337
7.460130532524977,0.011419145552853154
7.4737340705004085,0.013603537975431184
7.488347235469939,0.01461316496952995
7.497922403783856,0.009575168313917302
7.507225093345481,0.009302689561624665
7.518293251895741,0.011068158550259579
7.531267432171112,0.012974180275371177
7.54851952515963,0.017252092988518004
7.555776178137645,0.007256652978014433
7.563010967857507,0.007234789719862444
7.570529863985812,0.0075188961283054155
7.578346384058492,0.007816520072680406
7.586546303107488,0.008199919048995846
7.595248168726087,0.0087018656185996
7.604650713803801,0.009402545077713906
7.615120814623671,0.010470100819869465
7.6274576625008015,0.012336847877130382
7.643626938439301,0.016169275938499546
7.653216547140154,0.009589608700853488
7.662265339154285,0.009048792014130808
7.673034058290434,0.01076871913614903
7.685390657442675,0.012356599152240964
7.70182207277465,0.016431415331975056
7.711220003643868,0.009397930869217936
7.720061942030106,0.008841938386237789
7.730400286287141,0.010338344257035476
7.742066927281128,0.011666640993987041
7.7571415605668,0.015074633285672089
7.769367297239825,0.012225736673025019
7.780952182772348,0.011584885532522755
7.793438042343897,0.012485859571549955
7.8089865074569,0.015548465113001958
7.818555862253811,0.009569354796911586
7.827694481368497,0.009138619114686039
7.838554264733391,0.010859783364893884
7.851105596673849,0.012551331940458266
7.86783489432124,0.01672929764739108
7.876608761432023,0.00877386711078292
7.884873940033628,0.008265178601604048
7.894077996970183,0.009204056936555599
7.9040745093686775,0.009996512398494565
7.915636488529646,0.011561979160968728
7.930111543437421,0.01447505490777489
7.943218281744083,0.01310673830666174
7.954327981858348,0.011109700114264206
7.965341195405742,0.011013213547394167
7.979772621918619,0.014431426512877838
7.993857727407977,0.014085105489357175
7.997227215204612,0.003369487796635525
7.99891195910293,0.0016847438983177625
7.999754331052089,0.0008423719491588812
7.999964924039379,0.0002105929872897203
7.9999912481627895,2.632412341121504e-05
7.999998344274499,7.096111710171717e-06
8.000000100493951,1.756219452344303e-06
8.000001851183407,1.7506894566761507e-06
8.00000535256232,3.5013789133523014e-06
8.000012355320147,7.002757826704603e-06
8.0000263608358,1.4005515653409206e-05
8.000054371867106,2.801103130681841e-05
8.00011039392972,5.602206261363682e-05
8.000222438054948,0.00011204412522727365
8.000446526305403,0.0002240882504545473
8.000894702806312,0.0004481765009090946
8.00179105580813,0.0008963530018181892
8.003583761811766,0.0017927060036363783
8.007169173819038,0.0035854120072727567
8.014339997833584,0.007170824014545513
8.02393013899302,0.009590141159435423
8.03396247968059,0.010032340687568642
8.045955651156344,0.01199317147575422
8.061057497772673,0.015101846616328567
8.072322418459231,0.01126492068655842
8.083038107355913,0.010715688896682077
8.096868157196715,0.013830049840802
8.111775006471074,0.014906849274359462
8.121036939092738,0.009261932621664656
8.130008278612866,0.008971339520128109
8.140387018768118,0.010378740155251589
8.152207041574693,0.011820022806574102
8.167543355903817,0.0153363143291239
8.179121177153803,0.011577821249985826
8.19006634380076,0.010945166646957317
8.20358685103385,0.013520507233088185
8.219018440839811,0.015431589805961609
8.227965668345567,0.00894722750575643
8.23657594975433,0.008610281408764584
8.246288885933385,0.009712936179055274
8.257059713545173,0.01077082761178756
8.270128612479116,0.013068898933943016
8.28759216218463,0.017463549705514413
8.294612526502494,0.007020364317863803
8.30160822589264,0.006995699390145467
8.30883190427491,0.007223678382271039
8.316291878966895,0.007459974691985101
8.324043485989236,0.007751607022340354
8.332158903490825,0.008115417501588321
8.340747977739179,0.008589074248353758
8.349988702706595,0.009240724967415384
8.360202035902441,0.010213333195846221
8.372061524229306,0.011859488326864417
8.38723881504972,0.015177290820413684
8.398836484664377,0.011597669614657614
8.409831905272844,0.010995420608467327
8.423370324542036,0.013538419269193153
8.43874889535418,0.015378570812143798
8.447728757574566,0.008979862220386188
8.456375958143525,0.0086472005689591
8.46615436278805,0.009778404644525092
8.477024884214702,0.010870521426652301
8.490303009542577,0.013278125327876079
8.506173639105123,0.015870629562546066
8.51489488138566,0.008721242280535798
8.523241427758125,0.008346546372465765
8.53250787743868,0.009266449680556775
8.542615815977674,0.010107938538993248
8.55437119469863,0.01175537872095591
8.569261191507017,0.014889996808386683
8.58141098880926,0.012149797302242577
8.592968169758294,0.011557180949033989
8.605645933380707,0.012677763622413152
8.621531514584229,0.01588558120352248
8.630430457507435,0.00889894292320618
8.638929678593179,0.008499221085743403
8.648481335924275,0.009551657331095992
8.658998532241727,0.01051719631745056
8.671556324338429,0.012557792096703027
8.688091238223548,0.016534913885117988
8.696940878540667,0.008849640317120572
8.705299076841534,0.008358198300866551
8.714656154338224,0.009357077496688985
8.724872993206128,0.010216838867904017
8.736850210044624,0.011977216838496028
8.752194134205117,0.015343924160493235
8.76331840053596,0.011124266330842573
8.773857657882393,0.010539257346433498
8.78762012792556,0.013762470043166674
8.802492079233794,0.014871951308234248
8.811801579965822,0.009309500732028582
8.820821748221762,0.009020168255940852
8.831298308117017,0.010476559895254365
8.843276458349685,0.011978150232667687
8.85894682946547,0.01567037111578586
8.869828879656879,0.010882050191408381
8.880089719578184,0.010260839921304096
8.893585738286053,0.013496018707868773
8.908512695693743,0.014926957407689874
8.917848611548177,0.009335915854434567
8.926884068838268,0.009035457290090152
8.93740195802938,0.01051788919111188
8.949443266464655,0.012041308435275844
8.965245888074683,0.01580262161002816
8.975860412089386,0.010614524014701521
8.98586171228137,0.010001300191983791
8.998913114449465,0.01305140216809506
8.99994472857151,0.0010316141220444695
8.999976966512824,3.223794131388967e-05
8.999993085483482,1.6118970656944836e-05
8.999999453279042,6.36779555974205e-06
9.000002001097199,2.5478181570447497e-06
9.000004340355078,2.339257878669703e-06
9.000009018870836,4.678515757339406e-06
9.00001837590235,9.357031514678811e-06
9.00003708996538,1.8714063029357623e-05
9.000074518091438,3.7428126058715246e-05
9.000149374343556,7.485625211743049e-05
9.000299086847791,0.00014971250423486098
9.00059851185626,0.00029942500846972197
9.0011973618732,0.0005988500169394439
9.002395061907078,0.0011977000338788879
9.004790461974837,0.0023954000677577757
9.009581262110352,0.0047908001355155515
9.019162862381384,0.009581600271031103
9.033777132324525,0.014614269943141439
9.046265108894591,0.012487976570066627
9.058198715496854,0.01193360660226341
9.070303661022288,0.012104945525434592
9.08429201378583,0.013988352763541994
9.096276184269712,0.011984170483880343
9.107918399923392,0.011642215653680505
9.121186592063145,0.013268192139752494
9.135696665169199,0.014510073106054183
9.14546324731907,0.009766582149870957
9.154957761799984,0.009494514480915537
9.166465785357182,0.011508023557197421
9.18021191700852,0.013746131651337935
9.194381773589509,0.014169856580988524
9.204347159521433,0.009965385931923193
9.214082436921538,0.009735277400105902
9.226119574218322,0.012037137296782708
9.240862963302236,0.01474338908391519
9.252306428161365,0.011443464859129261
9.263265361182343,0.010958933020978733
9.277108423650226,0.013843062467883263
9.292024674155222,0.014916250504995785
9.301278471013637,0.00925379685841548
9.31024140591019,0.00896293489655292
9.320602089053908,0.010360683143718775
9.332392521185524,0.011790432131615491
9.347666116353132,0.015273595167607562
9.359379913431917,0.011713797078784942
9.3704592139773,0.01107930054538371
9.38380678671134,0.013347572734039068
9.399446078419523,0.015639291708182578
9.408297691409318,0.00885161298979587
9.416792574619324,0.008494883210006018
9.426308721683338,0.009516147064013977
9.436782655217078,0.010473933533739916
9.449246595393461,0.012463940176383257
9.465600379818996,0.016353784425535325
9.474767999801976,0.009167619982980255
9.483425319372273,0.008657319570295977
9.493352998618201,0.009927679245928906
9.504403834096454,0.011050835478252675
9.518108481977562,0.013704647881108206
9.53318023203911,0.015071750061548365
9.542345023929942,0.009164791890832661
9.551203921745683,0.008858897815741746
9.561368516244702,0.010164594499018123
9.572842282344004,0.011473766099302065
9.587427547445992,0.014585265101988591
9.600632373561025,0.013204826115032604
9.611569645139468,0.010937271578444244
9.622397126021788,0.01082748088231923
9.636671088654138,0.014273962632350463
9.650999267238934,0.014328178584794926
9.660676126983736,0.009676859744802658
9.670117939956711,0.009441812972974138
9.681463209766472,0.011345269809761036
9.694939805781136,0.013476596014664928
9.709926834222287,0.01498702844115199
9.719219524308173,0.009292690085886441
9.72820658382053,0.00898705951235783
9.73862893258017,0.010422348759639728
9.750513520563903,0.011884587983732315
9.765991951666043,0.015478431102140968
9.77727827634495,0.011286324678906084
9.787933996174347,0.010655719829397023
9.801654286881499,0.013720290707152064
9.816695567830992,0.015041280949492957
9.825880103723426,0.009184535892433548
9.834761410934325,0.008881307210899646
9.84496826476645,0.010206853832124314
9.85650951762964,0.011541252863188712
9.871242785626526,0.014733267996886762
9.884125569917305,0.012882784290778531
9.89639129487746,0.01226572496015482
9.90778874720786,0.011397452330398574
9.919944179659591,0.012155432451731627
9.935511267424769,0.015567087765176362
9.945964097637273,0.010452830212504113
9.955868920973753,0.009904823336480262
9.968660551979118,0.012791631005365244
9.984660673802624,0.016000121823506224
9.992474922073896,0.007814248271272174
9.99656530438897,0.004090382315073343
9.998610495546506,0.0020451911575366717
9.999633091125274,0.0010225955787683358
9.999888740019966,0.00025564889469208396
9.999952652243639,6.391222367302099e-05
9.999984608355476,3.1956111836510495e-05
9.99999477965967,1.0171304194185106e-05
9.999999231967095,4.452307425693019e-06
10.000000231967094,1e-06
10.00000134001233,1.1080452364003196e-06
10.000003556102802,2.2160904728006393e-06
10.000007988283748,4.4321809456012785e-06
10.00001685264564,8.864361891202557e-06
10.000034581369423,1.7728723782405114e-05
10.000070038816988,3.545744756481023e-05
10.000140953712117,7.091489512962046e-05
10.000282783502376,0.0001418297902592409
10.000566443082894,0.0002836595805184818
10.001133762243931,0.0005673191610369637
10.002268400566006,0.0011346383220739273
10.004537677210154,0.0022692766441478546
10.009076230498449,0.004538553288295709
10.017688549968666,0.008612319470216328
10.026419497810112,0.008730947841446979
10.036063833853701,0.009644336043588766
10.046834904167444,0.010771070313742607
10.059820170348997,0.012985266181554074
10.077147280692353,0.0173271103433551
10.084361932712655,0.007214652020301347
10.091553153258433,0.007191220545778563
10.099018255201745,0.007465101943311646
10.106769450158021,0.007751194956276662
10.114886192906763,0.008116742748741712
10.123476998039097,0.008590805132334385
10.13272037485894,0.00924337681984185
10.14293734134146,0.010216966482521255
10.154801248923649,0.011863907582188766
10.169977360085113,0.0151761111614641
10.181577560429576,0.011600200344462658
10.192576705953945,0.010999145524369853
10.206113725882679,0.013537019928733393
10.221492821613197,0.015379095730517657
10.23047296899338,0.008980147380184503
10.239120349474867,0.00864738048148696
10.248899176759366,0.009778827284499528
10.259770301868782,0.010871125109415373
10.273049653877548,0.013279352008765621
10.288917932540063,0.015868278662514328
10.297640439854128,0.008722507314064995
10.305988442949696,0.008348003095567515
10.315257291001222,0.009268848051525615
10.325368699771076,0.010111408769853798
10.33713058210564,0.011761882334565137
10.35203417848667,0.014903596381030908
10.364152777787428,0.012118599300756882
10.375678539123058,0.011525761335630621
10.388411840954694,0.012733301831636422
10.40445931363925,0.016047472684556734
10.413143477407061,0.008684163767811429
10.421431959389883,0.008288481982821769
10.430610911106855,0.009178951716971976
10.440590538196002,0.009979627089146726
10.452109419079745,0.011518880883743978
10.466503688701046,0.014394269621301482
10.479813203781072,0.013309515080026708
10.490647656064898,0.010834452283826257
10.501356685342019,0.010709029277121753
10.515473345435154,0.014116660093134406
10.529971749021483,0.014498403586329194
10.539521608054953,0.009549859033470309
10.548819390573207,0.009297782518255497
10.559856381706473,0.011036991133265828
10.572786611441495,0.012930229735022288
10.590000936202635,0.017214324761139176
10.597346464915642,0.007345528713005922
10.604670290984917,0.007323826069274147
10.612302130563355,0.007631839578438059
10.620257823843472,0.007955693280116204
10.628638216924047,0.008380393080574582
10.637586037693428,0.008947820769381038
10.647350642814482,0.009764605121053817
10.658419399346567,0.011068756532084945
10.671936668735109,0.013517269388541342
10.687294739436117,0.015358070701007857
10.696294797799418,0.009000058363299696
10.70496303203002,0.008668234230603552
10.714780161692907,0.009817129662886639
10.725709568957374,0.010929407264467294
10.739112835469202,0.0134032665118287
10.754750401876757,0.015637566407555124
10.763588063376785,0.00883766150002872
10.772070918837542,0.0084828554607579
10.78156434783545,0.009493428997908279
10.792005290534693,0.010440942699243115
10.804403042264962,0.012397751730269852
10.820624773457519,0.016221731192556845
10.830028509727928,0.009403736270408565
10.838909151857436,0.008880642129508563
10.84929947209895,0.010390320241514659
10.861058307034428,0.01175883493547756
10.87632384397307,0.015265536938642198
10.88813197314248,0.01180812916941045
10.899298036492144,0.011166063349663712
10.912497003011785,0.013198966519639966
10.929962241091427,0.0174652380796435
10.936782554013558,0.006820312922129919
10.943580294355149,0.006797740341590539
10.95056636503491,0.006986070679760321
10.957746654547153,0.0071802895122437
10.965159295469388,0.0074126409222352455
10.972852111144698,0.007692815675311386
10.980893154802752,0.008041043658052888
10.989383600717813,0.00849044591506193
10.998485079673257,0.009101478955442976
10.999734755951492,0.0012496762782341177
10.999890965486271,0.00015620953477926472
10.99996907025366,7.810476738963236e-05
10.999990281500555,2.1211246894440067e-05
10.999998164362763,7.88286220910946e-06
11.00000034523538,2.1808726173717346e-06
11.000002454603022,2.1093676425483355e-06
11.000006673338307,4.218735285096671e-06
11.000015110808876,8.437470570193342e-06
11.000031985750017,1.6874941140386684e-05
11.000065735632298,3.374988228077337e-05
11.00013323539686,6.749976456154674e-05
11.000268234925983,0.00013499952912309347
11.000538233984228,0.00026999905824618694
11.00107823210072,0.0005399981164923739
11.002158228333705,0.0010799962329847478
11.004318220799675,0.0021599924659694955
11.008638205731614,0.004319984931938991
11.017278175595493,0.008639969863877982
11.028706943430395,0.011428767834901135
11.04151693478965,0.012809991359254383
11.057907586993343,0.01639065220369298
11.066241367693976,0.008333780700632865
11.074177639724864,0.007936272030887967
11.082786863302374,0.008609223577510925
11.091980856538541,0.009193993236166568
11.102154215051883,0.010173358513341979
11.113923255354395,0.01176904030251242
11.128922021141971,0.014998765787575238
11.140929575878495,0.01200755473652424
11.152333528388368,0.0114039525098739
11.165247545959124,0.012914017570755932
11.181850886861852,0.01660334090272799
11.189881130280794,0.008030243418941445
11.1975291009946,0.007647970713806787
11.205699817421182,0.008170716426582552
11.214317874964108,0.008618057542925687
11.223614241171186,0.00929636620707801
11.233909038882317,0.010294797711131568
11.245921739766759,0.012012700884442163
11.26141940956952,0.015497669802760782
11.272327502404954,0.010908092835434322
11.282644730748808,0.010317228343854751
11.296216034945145,0.013571304196337184
11.311104989860254,0.014888954915109791
11.320451225502989,0.009346235642735339
11.329501980522886,0.00905075501989678
11.340047381150312,0.010545400627425153
11.35213541230493,0.012088031154618427
11.368031156946696,0.015895744641766144
11.378454999808614,0.010423842861918184
11.388272812528799,0.009817812720184064
11.400920101954176,0.01264728942537791
11.416593839382939,0.015673737428763858
11.425685609073062,0.009091769690122783
11.434385952435951,0.008700343362890009
11.444307147403435,0.009921194967483582
11.455379527029976,0.011072379626541015
11.469104030343589,0.013724503313612704
11.484126038734578,0.015022008390989336
11.493324584525993,0.009198545791415711
11.502221450517059,0.008896865991065685
11.512458033249242,0.010236582732183036
11.524046843349147,0.011588810099904428
11.538884285676845,0.014837442327698585
11.551540446011101,0.012656160334255716
11.563572387281907,0.012031941270806307
11.575327229136091,0.011754841854184957
11.588594542475539,0.013267313339447341
11.602750180892095,0.0141556384165564
11.612871385927921,0.010121205035826326
11.622753912530126,0.009882526602204471
11.635162587833744,0.012408675303617653
11.650610954972954,0.015448367139210153
11.660446976185908,0.009836021212953728
11.669836615733773,0.00938963954786522
11.681286454284388,0.01144983855061538
11.694834884702033,0.013548430417643966
11.709456679746067,0.014621795044033598
11.719039695762978,0.009583016016911944
11.728348156815086,0.00930846105210738
11.739431294577468,0.011083137762382804
11.75243025932441,0.012998964746941068
11.769704090769677,0.017273831445267715
11.776911216537224,0.007207125767547106
11.784096394342546,0.007185177805321543
11.791553058933161,0.007456664590614492
11.799293568176576,0.0077405092434163604
11.807396266451478,0.008102698274901362
11.815968075389566,0.00857180893808785
11.825184385137685,0.009216309748118266
11.83535948160693,0.010175096469244764
11.847149471425139,0.011789989818208736
11.862179364967014,0.01502989354187493
11.874103205465564,0.011923840498551035
11.88542396133942,0.01132075587385616
11.898484331904225,0.01306037056480514
11.915482163450955,0.01699783154673083
11.923372192272772,0.007890028821817467
11.930593733657071,0.007221541384298037
11.938254481858811,0.007660748201740904
11.946219352355955,0.007964870497144066
11.95461788153304,0.008398529177083459
11.963589032113065,0.00897115058002515
11.973389317308774,0.009800285195708386
11.9845185951265,0.011129277817725824
11.99816017238801,0.013641577261510246
11.999295156392465,0.001134984004455689
11.999862648394693,0.0005674920022278445
11.999933584894972,7.093650027848056e-05
11.999969053145112,3.546825013924028e-05
11.999989204060336,2.0150915223758235e-05
11.999999494514173,1.0290453836286573e-05
12.000002883079457,3.388565284016018e-06
12.000005962263401,3.0791839434646115e-06
12.000012120631288,6.158367886929223e-06
12.000024437367061,1.2316735773858446e-05
12.000049070838609,2.4633471547716892e-05
12.000098337781704,4.9266943095433784e-05
12.000196871667896,9.853388619086757e-05
12.000393939440277,0.00019706777238173514
12.00078807498504,0.0003941355447634703
12.001576346074568,0.0007882710895269406
12.003152888253622,0.001576542179053881
12.00630597261173,0.003153084358107762
12.012612141327944,0.006306168716215524
12.025224478760375,0.012612337432431049
12.039896279847147,0.014671801086771933
12.049748879341802,0.009852599494654979
12.059292943519635,0.009544064177832306
12.0709620100801,0.011669066560464516
12.084979667873823,0.01401765779372201
12.098309034113297,0.013329366239475327
12.109213592360614,0.010904558247316846
12.119986184563471,0.010772592202857189
12.13418996089247,0.014203776328999254
12.148595210950552,0.014405250058080278
12.158212718272763,0.009617507322211796
12.167587337381729,0.009374619108966777
12.178787967253063,0.01120062987133422
12.192006261822,0.013218294568937345
12.2094466894246,0.017440427602600565
12.216247911218503,0.006801221793900967
12.223027286833258,0.006779375614754481
12.22999157673545,0.0069642899021924685
12.23714654806588,0.007154971330429906
12.244529015107913,0.007382467042032464
12.252185004175722,0.007655989067809135
12.260179637795742,0.007994633620020062
12.268609045023545,0.008429407227802317
12.27762530718315,0.009016262159605644
12.287492819810456,0.009867512627305584
12.29873812624776,0.011245306437305225
12.3126191014891,0.013880975241337858
12.327180486358671,0.01456138486957206
12.336728106199196,0.009547619840525576
12.346013884004826,0.00928577780563041
12.357033855236738,0.011019971231912335
12.369930301614225,0.012896446377488298
12.387107911405614,0.017177609791389162
12.394526120648688,0.007418209243074731
12.401922953510368,0.007396832861679582
12.409648625439653,0.007725671929283763
12.417721175963916,0.008072550524262255
12.426255674925672,0.008534498961755921
12.435418385409287,0.00916271048361445
12.445510469013174,0.010092083603886618
12.457150713213437,0.011640244200263
12.471862855738113,0.014712142524676276
12.484508064506764,0.012645208768650992
12.49655970837044,0.012051643863673979
12.508365095937242,0.011805387566801943
12.521633327051308,0.013268231114066532
12.535617616910061,0.013984289858753524
12.545925264813539,0.010307647903477381
12.55601193553229,0.010086670718751325
12.568901902384567,0.012889966852277075
12.585317102623033,0.01641520023846658
12.593480548612664,0.008163445989630482
12.601267513416696,0.0077869648040312075
12.609639741760835,0.008372228344139471
12.618520209516468,0.0088804677556321
12.628204594735779,0.00968438521931138
12.639127640579513,0.010923045843734254
12.652356880571615,0.013229239992102036
12.67006553744094,0.017708656869325982
12.676752572253111,0.006687034812170804
12.683413336229469,0.006660763976357973
12.690239187653484,0.006825851424015378
12.69723415934827,0.006994971694786148
12.704427690818983,0.007193531470714267
12.711855745791317,0.007428054972332961
12.719567490931219,0.007711745139901512
12.727632459523095,0.008064968591875981
12.736154519435942,0.008522059912846493
12.7453004223206,0.009145902884658013
12.75536621730905,0.01006579498844866
12.766959669429601,0.011593452120552784
12.78157245192796,0.014612782498358628
12.794446684303786,0.012874232375825832
12.806734017983544,0.012287333679757984
12.81817507315941,0.011441055175864747
12.830318085081663,0.012143011922254024
12.84576980074968,0.015451715668017209
12.856337889991247,0.010568089241566925
12.866366323009096,0.010028433017849182
12.879422229351668,0.013055906342571299
12.895976882666176,0.01655465331450702
12.903746194557918,0.007769311891741694
12.911174557780098,0.007428363222180121
12.919023718455003,0.007849160674904482
12.927236197974748,0.008212479519744785
12.935962577310725,0.008726379335977131
12.945398100340558,0.009435523029832922
12.955922480867349,0.010524380526790302
12.96836178579726,0.012439304929911053
12.984735295810799,0.01637351001353815
12.993441240636212,0.008705944825413444
12.997781271415809,0.004340030779596805
12.999951286805608,0.0021700153897984023
12.999985193296073,3.3906490465600036e-05
12.999996236679024,1.1043382951393726e-05
12.999999634524082,3.3978450582032736e-06
13.000002923925724,3.2894016414947826e-06
13.000005898284824,2.9743590996116076e-06
13.000011847003023,5.948718199223215e-06
13.00002374443942,1.189743639844643e-05
13.000047539312218,2.379487279689286e-05
13.000095129057812,4.758974559378572e-05
13.000190308549,9.517949118757144e-05
13.000380667531374,0.00019035898237514289
13.000761385496125,0.00038071796475028577
13.001522821425626,0.0007614359295005715
13.003045693284626,0.001522871859001143
13.00609143700263,0.003045743718002286
13.012182924438633,0.006091487436004572
13.02176792656883,0.009585002130196625
13.03160929404184,0.009841367473010613
13.043358458611253,0.011749164569413918
13.057866268998827,0.014507810387574236
13.070404287508918,0.01253801851008969
13.082410865420455,0.01200657791153622
13.094456572994805,0.012045707574350487
13.108146928794316,0.013690355799510752
13.120694411979342,0.012547483185026107
13.132945227768504,0.012250815789162052
13.145232879213419,0.012287651444914324
13.158452334499955,0.013219455286536449
13.170873638053463,0.012421303553507432
13.183135943465242,0.012262305411778316
13.195808636973748,0.012672693508505355
13.209442921340198,0.013634284366450752
13.220166153924259,0.010723232584061822
13.23070882624634,0.010542672322081365
13.244564681571426,0.013855855325085284
13.259300805681722,0.014736124110297203
13.2687008917457,0.009400086063978668
13.277824424577805,0.009123532832103789
13.288506126531658,0.010681701953852436
13.300825839315623,0.012319712783964787
13.317161060092163,0.01633522077654009
13.326704692041872,0.00954363194970891
13.335686792997675,0.008982100955803252
13.34632919337555,0.010642400377873997
13.358474076743954,0.01214488336840459
13.374532919312717,0.016058842568762482
13.384699038913467,0.010166119600751335
13.394264094366246,0.009565055452779515
13.406306679850506,0.01204258548425894
13.420828368107934,0.01452168825742878
13.432461962895484,0.011633594787550322
13.443646384825735,0.011184421930250085
13.457340478053085,0.013694093227350459
13.472276186092216,0.01493570803913098
13.481551267613161,0.0092750815209447
13.490530438376025,0.008979170762864143
13.500928407520103,0.01039796914407742
13.512777086645507,0.011848679125404068
13.5281767736013,0.015399686955794484
13.539625269161936,0.011448495560635777
13.550441188562376,0.010815919400440153
13.564082723543166,0.01364153498079086
13.5793255666395,0.015242843096335569
13.588377185462168,0.009051618822666621
13.597108727913955,0.00873154245178733
13.607037084643274,0.009928356729319233
13.61813940224311,0.011102317599834786
13.631912693384523,0.013773291141414078
13.646830149270658,0.014917455886134572
13.656099859381102,0.009269710110445079
13.665076995839362,0.008977136458258919
13.675468005463557,0.01039100962419421
13.687306630547711,0.011838625084153438
13.702684013065811,0.015377382518100283
13.7141784321022,0.01149441903638852
13.725039870744425,0.010861438642225808
13.738643625594527,0.013603754850102427
13.753952281942032,0.015308656347505308
13.762965463266795,0.0090131813247624
13.771652808732332,0.00868734546553648
13.781501604454405,0.009848795722072508
13.79248068503983,0.010979080585425316
13.805989044649008,0.013508359609177924
13.821426711026946,0.015437666377938671
13.830372793580388,0.008946082553442172
13.838981162466357,0.008608368885969773
13.848691060322816,0.009709897856458045
13.85945713514501,0.010766074822195408
13.872516232602727,0.013059097457716719
13.889963798359965,0.017447565757237996
13.897005714486735,0.007041916126769913
13.904023110695881,0.007017396209146109
13.911273172500447,0.007250061804566769
13.918764593669772,0.007491421169325822
13.926554979256359,0.007790385586586766
13.934719830198407,0.008164850942048772
13.943374974630764,0.008655144432357311
13.952710090022698,0.00933511539193413
13.963072447291758,0.010362357269059647
13.975206754666344,0.012134307374585748
13.990961529895262,0.01575477522891922
13.999911605519626,0.008950075624363278
13.999987761441519,7.615592189290302e-05
13.999997335443998,9.57400247960407e-06
14.000000220919146,2.8854751484231584e-06
14.00000285710914,2.636189992790336e-06
14.000008129489125,5.272379985580672e-06
14.000018674249096,1.0544759971161344e-05
14.000039763769038,2.1089519942322687e-05
14.000081942808922,4.2179039884645375e-05
14.000166300888692,8.435807976929075e-05
14.000335017048231,0.0001687161595385815
14.000672449367308,0.000337432319077163
14.001347314005463,0.000674864638154326
14.00269704328177,0.001349729276308652
14.005396501834388,0.002699458552617304
14.010795418939622,0.005398917105234608
14.021593253150092,0.010797834210469216
14.03278444544426,0.011191192294168366
14.047565716842163,0.014781271397902664
14.061059494269797,0.013493777427634664
14.071561520604963,0.010502026335166666
14.081917538773748,0.010356018168786231
14.095369604224986,0.013452065451238159
14.110503658404618,0.01513405417963113
14.119685065964973,0.00918140756035536
14.128548899760636,0.008863833795663766
14.138733656384987,0.0101847566243509
14.150236046830969,0.011502390445981295
14.164887420203506,0.014651373372536932
14.177949508718324,0.013062088514818385
14.189084036473913,0.011134527755588148
14.200129650930496,0.01104561445658231
14.214581508796511,0.014451857866015777
14.228619724676983,0.014038215880471612
14.238554182153152,0.00993445747616825
14.248282374991701,0.009728192838548934
14.260274818436926,0.011992443445224142
14.274949512802046,0.014674694365119978
14.286591765999969,0.011642253197923377
14.297745657371802,0.011153891371833369
14.311377684830282,0.013632027458479887
14.326452871141464,0.01507518631118321
14.33563372828266,0.009180857141195535
14.344506541656093,0.008872813373432549
14.354700365902218,0.010193824246124158
14.3662195330454,0.011519167143181866
14.380905386141096,0.014685853095695775
14.393892478993989,0.012987092852891912
14.406266399467032,0.012373920473043908
14.417508561893577,0.011242162426544326
14.429186018141804,0.011677456248228107
14.444379208615405,0.015193190473601582
14.456469791001673,0.012090582386267739
14.46790718204685,0.011437391045176977
14.480618822565212,0.0127116405183607
14.49686351548211,0.01624469291689739
14.505496578142969,0.008633062660859982
14.51371220241968,0.00821562427670964
14.522780008262643,0.009067805842963867
14.532599519726498,0.009819511463854097
14.5438299469877,0.011230427261202014
14.557628381193918,0.013798434206219394
14.572334855960257,0.014706474766338271
14.581774922020982,0.009440066060724445
14.590939510392193,0.00916458837121184
14.601707913841032,0.010768403448839255
14.614172438408076,0.012464524567043
14.630758800009676,0.01658636160160039
14.639809095829394,0.009050295819716553
14.648330462389824,0.00852136656043076
14.658011130463178,0.009680668073353996
14.66868973468695,0.010678604223771032
14.681601684469202,0.012911949782252526
14.698788346418986,0.017186661949784264
14.706176436791589,0.0073880903726016274
14.713543176880334,0.007366740088745834
14.721229994809926,0.007686817929591822
14.729254026490812,0.00802403168088591
14.737724246983685,0.008470220492872365
14.746796765903312,0.0090725189196271
14.75675009535939,0.00995332945607855
14.76814463409512,0.011394538735730382
14.782337575662511,0.014192941567389868
14.796185940679617,0.013848365017106479
14.806384374836759,0.010198434157140578
14.81639213975456,0.01000776491780117
14.829054829958555,0.012662690203993477
14.845035725345024,0.015980895386469372
14.853918170986685,0.008882445641660814
14.862388542496909,0.008470371510224249
14.871896070367585,0.009507527870676019
14.882345998094882,0.010449927727296809
14.894770388745368,0.012424390650485865
14.911040285688422,0.016269896943055192
14.920350700617337,0.009310414928915427
14.929143578066459,0.008792877449121855
14.939347653598997,0.010204075532538773
14.950818157959839,0.011470504360841806
14.965451355160905,0.014633197201065767
14.97861128294261,0.013159927781704946
14.989603162543718,0.010991879601108041
14.99504750269694,0.0054443401532225846
14.99776967277355,0.0027221700766112923
14.999130757811857,0.0013610850383056461
14.99981130033101,0.0006805425191528231
14.999981435960798,0.00017013562978820577
14.999994263650457,1.2827689658374333e-05
14.999998854966812,4.591316354446375e-06
15.000000119585598,1.2646187860010877e-06
15.000001460965898,1.3413802997904293e-06
15.000004143726498,2.6827605995808586e-06
15.000009509247697,5.365521199161717e-06
15.000020240290095,1.0731042398323435e-05
15.000041702374892,2.146208479664687e-05
15.000084626544485,4.292416959329374e-05
15.00017047488367,8.584833918658748e-05
15.000342171562044,0.00017169667837317495
15.000685564918792,0.0003433933567463499
15.001372351632284,0.0006867867134926998
15.00274592505927,0.0013735734269853996
15.00549307191324,0.0027471468539707992
15.010987365621181,0.0054942937079415985
15.021975953037064,0.010988587415883197
15.036555101673066,0.014579148636003266
15.050458818755379,0.013903717082312769
15.06050976217122,0.010050943415841597
15.070368369192485,0.009858607021264601
15.082668840212214,0.012300471019728925
15.097941241333409,0.01527240112119438
15.108182158870214,0.01024091753680452
15.117959601323236,0.009777442453020988
15.130366645686413,0.012407044363177555
15.145659953606952,0.015293307920539498
15.15560240326525,0.009942449658299496
15.165114263429853,0.00951186016460303
15.176838260504027,0.011723997074174817
15.19088162114905,0.01404336064502241
15.204028056796288,0.013146435647237479
15.215199362160435,0.011171305364147644
15.226265195246784,0.01106583308634911
15.240704787782969,0.014439592536185208
15.25474288666457,0.014038098881600316
15.264679578151766,0.009936691487196756
15.27440988881643,0.009730310664664515
15.286407586632247,0.011997697815816867
15.301092034755507,0.014684448123260951
15.312709258497382,0.011617223741874986
15.323838294171903,0.011129035674520761
15.33750207085939,0.013663776687486221
15.352558405715289,0.015056334855898534
15.361745705710204,0.009187299994915517
15.37062720091442,0.008881495204215831
15.380836479689938,0.010209278775517642
15.392380754287645,0.011544274597706143
15.407121280745109,0.014740526457463831
15.419988952077448,0.012867671332339863
15.432239042765328,0.012250090687880513
15.443659499216686,0.011420456451358023
15.455886023130581,0.012226523913896139
15.47149970055451,0.015613677423928194
15.48172251444641,0.010222813891899456
15.491418034949167,0.009695520502756778
15.50369477172157,0.012276736772403188
15.518698684812797,0.015003913091226926
15.529217514764955,0.010518829952157312
15.539295233280336,0.010077718515380469
15.552379259163919,0.01308402588358254
15.56905000396792,0.016670744804001412
15.576725834221811,0.0076758302538906835
15.584052115746955,0.007326281525143689
15.591765374312658,0.007713258565702121
15.599808607258735,0.008043232946078043
15.608307512898708,0.00849890563997337
15.617419204680566,0.009111691781857112
15.627432950628526,0.010013745947960975
15.638933604931967,0.011500654303440716
15.653350243521185,0.01441663858921703
15.666679730992579,0.01332948747139366
15.677480651050532,0.010800920057952603
15.688153711457687,0.010673060407156302
15.702215179857246,0.014061468399558928
15.716767914268834,0.01455273441158734
15.726280722159858,0.009512807891023526
15.735535955015301,0.009255232855443296
15.746484332719376,0.010948377704075791
15.75926038790845,0.012776055189074063
15.776299981864867,0.017039593956417465
15.784730187325762,0.008430205460895247
15.7924198668548,0.007689679529038092
15.800795284764837,0.008375417910036327
15.809648349384863,0.008853064620026002
15.819303399371474,0.009655049986610556
15.830171861165695,0.010868461794221723
15.843295514651123,0.013123653485427985
15.860856312901026,0.017560798249903788
15.86775504076484,0.006898727863812773
15.874628213576289,0.006873172811449567
15.881704387233691,0.007076173657403355
15.88898998052362,0.0072855932899288794
15.896529033055064,0.007539052531443227
15.904377518311502,0.00784848525643858
15.912617062775666,0.00823954446416352
15.921372819301537,0.00875575652587024
15.930853436607261,0.009480617305724415
15.941449832867736,0.010596396260475269
15.954028014697833,0.012578181830097936
15.97066888651784,0.016640871820007605
15.979420489288817,0.008751602770976976
15.987679635973453,0.008259146684636813
15.996863709227398,0.009184073253945428
15.999356469604448,0.0024927603770497314
15.999979659698711,0.0006231900942624328
15.999999134389157,1.9474690445701027e-05
16.00000025750906,1.1231199037595433e-06
16.000001468425605,1.2109165445360342e-06
16.000003890258693,2.4218330890720684e-06
16.000008733924872,4.843666178144137e-06
16.000018421257227,9.687332356288274e-06
16.00003779592194,1.9374664712576547e-05
16.000076545251364,3.8749329425153095e-05
16.000154043910214,7.749865885030619e-05
16.000309041227915,0.00015499731770061238
16.000619035863316,0.00030999463540122476
16.00123902513412,0.0006199892708024495
16.002479003675724,0.001239978541604899
16.004958960758934,0.002479957083209798
16.009918874925354,0.004959914166419596
16.019838703258195,0.009919828332839192
16.031402533373026,0.011563830114829438
16.045775429932306,0.014372896559278911
16.058977490935543,0.013202061003236553
16.069962679158454,0.010985188222912171
16.080836362726693,0.010873683568239879
16.095157259750778,0.014320897024084869
16.109419630882126,0.014262371131349738
16.119147969604565,0.009728338722439615
16.128647535842617,0.009499566238051664
16.140121483467734,0.011473947625115055
16.153830926558502,0.013709443090768504
16.168141495106532,0.014310568548028832
16.17797387224171,0.009832377135178818
16.18756233154531,0.009588459303596263
16.199261058358495,0.011698726813187581
16.21336819588325,0.014107137524752011
16.22651398217748,0.013145786294230351
16.23766732356787,0.011153341390389716
16.24871579950222,0.011048475934350903
16.263151809775653,0.014436010273433388
16.277207707033018,0.014055897257363375
16.287126509869235,0.009918802836217055
16.29683718663136,0.009710676762125238
16.30878917961137,0.011951992980008505
16.32338675665885,0.014597577047478614
16.33522580113908,0.011839044480231247
16.346576102569664,0.01135030143058074
16.35991838265775,0.013342280088084454
16.375119516766834,0.015201134109083619
16.384283554446128,0.009164037679294166
16.393121890735813,0.008838336289684232
16.403261476307815,0.010139585572002353
16.41468994438815,0.011428468080337477
16.42918035286846,0.014490408480308069
16.442595635048118,0.013415282179656507
16.453261553835873,0.010665918787755538
16.463789311596223,0.010527757760350682
16.47759578576182,0.013806474165598225
16.492389351487457,0.014793565725635574
16.50175308203027,0.0093637305428131
16.510834608638014,0.009081526607745576
16.521432688058987,0.010598079420971733
16.53361209212686,0.012179404067871784
16.549684928423787,0.016072836296929103
16.55974905724952,0.010064128825731955
16.56922331494733,0.009474257697811772
16.58103416978911,0.011810854841780434
16.59514209216788,0.014107922378771622
16.60794223451745,0.012800142349569372
16.62030438374058,0.01236214922313188
16.632014884853465,0.011710501112882988
16.644245962072592,0.01223107721912748
16.659092494547693,0.014846532475100998
16.66986945650274,0.010776961955047527
16.680210072402467,0.010340615899726237
16.693804926706985,0.013594854304518149
16.70868968736524,0.014884760658256372
16.718032973512962,0.009343286147720153
16.727081722114743,0.009048748601781023
16.737622108412054,0.010540386297309733
16.74970229709746,0.0120801886854058
16.765581947662955,0.01587965056549419
16.776037908277104,0.01045596061414711
16.78588669006537,0.00984878178826732
16.79860546874293,0.0127187786775587
16.81442171140367,0.015816242660739787
16.823263796557537,0.00884208515386717
16.83172394876446,0.00846015220692341
16.841193951322882,0.00947000255842365
16.851595121654405,0.010401170331522271
16.863917881188645,0.012322759534237933
16.879985455979003,0.016067574790358922
16.88966936985328,0.009683913874276558
16.89881649340378,0.009147123550496777
16.909801088177343,0.010984594773563595
16.922513502348167,0.012712414170825201
16.939445165647598,0.016931663299430088
16.94793640255402,0.008491236906421522
16.95579162618625,0.007855223632231243
16.964380516430122,0.008588890243870313
16.973521615062598,0.009141098632477408
16.983620523544918,0.010098908482319008
16.995249672544663,0.011629148999744881
16.99892628937196,0.0036766168272954233
16.99984544357878,0.0009191542068238558
16.999960337854635,0.00011489427585298198
16.999989061423598,2.8723568963245495e-05
16.999998528120052,9.466696454318027e-06
17.00000024324584,1.7151257873785978e-06
17.000001972538378,1.7292925380073446e-06
17.000005431123455,3.458585076014689e-06
17.000012348293605,6.917170152029378e-06
17.00002618263391,1.3834340304058756e-05
17.00005385131452,2.7668680608117513e-05
17.000109188675737,5.5337361216235026e-05
17.00021986339817,0.00011067472243247005
17.000441212843032,0.0002213494448649401
17.000883911732764,0.0004426988897298802
17.001769309512223,0.0008853977794597604
17.003540105071142,0.0017707955589195208
17.00708169618898,0.0035415911178390417
17.01416487842466,0.007083182235678083
17.028331242896016,0.014166364471356167
17.04274242595888,0.014411183062865067
17.05235496269349,0.009612536734608032
17.061723139373427,0.009368176679938646
17.072914275462928,0.011191136089501235
17.08611733825191,0.01320306278898272
17.103547050713594,0.017429712461684777
17.11036888860963,0.0068218378960366345
17.11716883591206,0.006799947302430972
17.124157745359753,0.006988909447693173
17.131341609561865,0.007183864202112972
17.13875876977396,0.007417160212097671
17.146457348521835,0.0076985787478750485
17.154505886354467,0.008048537832631564
17.163006400823033,0.008500514468566317
17.17212212740227,0.009115726579238249
17.182141428814113,0.010019301411841893
17.19365200272272,0.011510573908609288
17.20808782808167,0.014435825358949368
17.221372666063857,0.013284837982188028
17.232231829712287,0.010859163648429322
17.242969196382326,0.01073736667003869
17.257126730968107,0.014157534585782597
17.27158354609613,0.014456815128026138
17.281163059886126,0.009579513789992944
17.290494673753628,0.009331613867502227
17.30160295882562,0.011108285071992427
17.314658113936197,0.013055155110576923
17.33198657253663,0.01732845860043173
17.33908149158358,0.007094919046951652
17.346154201506803,0.007072709923220961
17.353471562653258,0.007317361146454058
17.361043607189817,0.00757204453655911
17.36893405695484,0.007890449765019982
17.377227559216816,0.008293502261978418
17.386056715570426,0.008829156353608406
17.39564481389557,0.009588098325141943
17.40641755906223,0.010772745166661548
17.419339842844682,0.01292228378244973
17.436590245159678,0.017250402314996447
17.443934359678636,0.007344114518958071
17.45125583554249,0.007321475863855604
17.458884870514563,0.007629034972073959
17.46683705457266,0.007952184058096704
17.475212864334292,0.008375809761632541
17.484154361629137,0.008941497294843887
17.49390949134913,0.009755129719989729
17.504962141254282,0.011052649905152874
17.51844650702507,0.013484365770789793
17.53387406280164,0.015427555776569053
17.542833643070935,0.008959580269293606
17.55145550023839,0.00862185716745385
17.56119032634946,0.00973482611107242
17.571993876358153,0.010803550008691841
17.585131564247085,0.013137687888931207
17.6027054913178,0.017573927070714694
17.60957787763986,0.0068723863220604055
17.616424716533093,0.006846838893231675
17.6234694748181,0.0070447582850076875
17.630718238802107,0.007248763984004319
17.63821291987302,0.0074946810709118315
17.646006510264225,0.007793590391206454
17.65417562419571,0.008169113931483596
17.662836444650363,0.008660820454656024
17.672179724421316,0.009343279770952081
17.682555067977045,0.010375343555728058
17.69471361327985,0.012158545302804136
17.7105185417923,0.015804928512450467
17.72080549518195,0.010286953389647626
17.7305206729107,0.00971517772875161
17.742892636639354,0.012371963728655483
17.758049995970353,0.015157359330998942
17.768187113017625,0.010137117047271604
17.777896386310648,0.009709273293021788
17.790095822171864,0.012199435861214627
17.805016944425393,0.014921122253528393
17.815824732270272,0.010807787844877192
17.826176420993423,0.010351688723151764
17.839793472716345,0.013617051722920293
17.854658826614667,0.014865353898322508
17.864012104576055,0.009353277961387569
17.873072934573337,0.00906082999727984
17.883636715274783,0.010563780701446748
17.895755943457875,0.012119228183090606
17.91171304403931,0.01595710058143448
17.922012031511724,0.010298987472413566
17.93171023598326,0.009698204471536243
17.9440723166818,0.012362080698539253
17.959192687454777,0.01512037077297593
17.96938406530825,0.010191377853472319
17.979148492078792,0.0097644267705421
17.991481446900327,0.012332954821536202
17.99906923080321,0.007587783902884418
17.99954346729714,0.00047423649393027613
17.999780585544105,0.00023711824696513807
17.999899144667587,0.00011855912348256903
17.99995842422933,5.9279561741284517e-05
17.9999880640102,2.9639780870642258e-05
17.99999801924406,9.955233860052079e-06
18.00000011486611,2.0956220504196723e-06
18.00000218000048,2.065134368216434e-06
18.000006310269214,4.130268736432868e-06
18.000014570806687,8.260537472865736e-06
18.000031091881635,1.652107494573147e-05
18.000064134031525,3.304214989146294e-05
18.000130218331307,6.608429978292589e-05
18.000262386930874,0.00013216859956585177
18.000526724130005,0.00026433719913170354
18.00105539852827,0.0005286743982634071
18.002112747324794,0.0010573487965268142
18.00422744491785,0.0021146975930536284
18.008456840103957,0.004229395186107257
18.01691563047617,0.008458790372214513
18.033444994165265,0.01652936368909349
18.04345725920447,0.01001226503920464
18.052816339199456,0.009359079994984873
18.06442461124252,0.011608272043061899
18.07814120273613,0.013716591493612306
18.092057199775255,0.013915997039123777
18.102302945184086,0.010245745408829296
18.11234305680462,0.010040111620533693
18.125104743533758,0.012761686729138839
18.1412711966813,0.016166453147539186
18.14982837527856,0.008557178597260162
18.157989605228465,0.008161229949906602
18.166956106997233,0.008966501768769472
18.176637549780985,0.009681442783750209
18.187622644481486,0.010985094700503207
18.200928105039935,0.013305460558447385
18.21671556791098,0.01578746287104734
18.225482145680157,0.008766577769175842
18.233880504450205,0.008398358770046317
18.243233052315496,0.009352547865289194
18.253466128746,0.010233076430502416
18.26545880922239,0.011992680476392284
18.280846168618258,0.01538735939586635
18.29189284217207,0.011046673553814924
18.302354624037548,0.01046178186547488
18.31607165560471,0.013717031567162615
18.330925479450315,0.014853823845605506
18.340261709590074,0.00933623013976081
18.349308905911947,0.00904719632187196
18.359841238064938,0.010532332152991809
18.371910326491147,0.012069088426207443
18.38776648488765,0.015856158396501847
18.39826845084002,0.010501965952373469
18.408161608030866,0.009893157190846468
18.42098079542624,0.012819187395374238
18.437000492103934,0.016019696677696378
18.445507680557817,0.00850718845388333
18.453646207837703,0.008138527279887507
18.462561415770697,0.008915207932993528
18.472175225547264,0.009613809776568156
18.483040994169563,0.010865768622297834
18.496111781917946,0.013070787748381255
18.513595526951878,0.017483745033932623
18.520605211103323,0.007009684151445608
18.52758986937369,0.0069846582703654994
18.53480019860976,0.007210329236069389
18.542244286186804,0.007444087577045938
18.549976356072385,0.0077320698855810385
18.558066955992338,0.008090599919954627
18.566623022667837,0.008556066675500334
18.575816925807622,0.009193903139784926
18.585957139055502,0.010140213247879476
18.597684025277974,0.011726886222474168
18.61257991660013,0.014895891322153168
18.624805209027983,0.01222529242785491
18.63642945807208,0.011624249044096247
18.648961971201828,0.012532513129747624
18.664461040438287,0.015499069236457441
18.67394255746683,0.009481517028544243
18.68301290804616,0.009070350579327157
18.693704873325338,0.010691965279179741
18.705987963412362,0.01228309008702293
18.722277067040253,0.016289103627891724
18.731941106144042,0.009664039103788541
18.7410340603008,0.009092954156760888
18.751931129818313,0.010897069517511555
18.764484610849934,0.012553481031621525
18.78121466929328,0.01673005844334638
18.78998322805804,0.008768558764760827
18.7982438121533,0.008260584095258766
18.80743946953513,0.009195657381831262
18.817424269893788,0.009984800358659767
18.828964447412357,0.011540177518570066
18.843394212175873,0.014429764763517178
18.85660857162206,0.013214359446187499
18.867570145104587,0.010961573482524935
18.878419498194443,0.010849353089857112
18.89271658826969,0.014297090075244566
18.907016492924335,0.014299904654646436
18.916716159725286,0.00969966680095035
18.926183585642235,0.009467425916947837
18.937584980104404,0.01140139446216771
18.951162717639406,0.013577737535000665
18.965858838913935,0.014696121274529794
18.975367498805493,0.009508659891560174
18.984596202751156,0.009228703945662123
18.99550798123956,0.010911778488402534
18.99868394762896,0.0031759663894026357
18.999477939226313,0.0007939915973506589
18.999874935024987,0.00039699579867532946
18.999974183974658,9.924894966883237e-05
18.999998996212074,2.481223741720809e-05
19.0000001991913,1.2029792275159615e-06
19.000001533656018,1.3344647163908388e-06
19.00000420258545,2.6689294327816776e-06
19.000009540444317,5.337858865563355e-06
19.00002021616205,1.067571773112671e-05
19.00004156759751,2.135143546225342e-05
19.000084270468435,4.270287092450684e-05
19.000169676210284,8.540574184901368e-05
19.000340487693983,0.00017081148369802737
19.00068211066138,0.00034162296739605473
19.00136535659617,0.0006832459347921095
19.002731848465757,0.001366491869584219
19.005464832204925,0.002732983739168438
19.010930799683262,0.005465967478336876
19.021862734639935,0.010931934956673751
19.038759691834535,0.016896957194601457
19.050336632317148,0.011576940482612005
19.061332000637456,0.010995368320309272
19.07491205921173,0.013580058574274283
19.0902112178632,0.01529915865146782
19.09923271407472,0.00902149621152059
19.107928235841907,0.008695521767188292
19.11779412121045,0.009865885368545511
19.12879994920843,0.011005827997981303
19.1423668246049,0.013566875396467943
19.15768716346051,0.015320338855609425
19.166701733158693,0.009014569698185655
19.175388483895784,0.008686750737091395
19.1852378904203,0.009849406524515728
19.19621752415962,0.010979633739323074
19.209727609678772,0.013510085519149973
19.22516185837248,0.015434248693709374
19.234109945216208,0.008948086843726593
19.242720596379456,0.008610651163248044
19.25243453681196,0.009713940432503104
19.263206754267223,0.010772217455263007
19.27627865112973,0.013071896862504411
19.293746839014894,0.017468187885163817
19.30076080529224,0.007013966277345091
19.30775006818643,0.006989262894189112
19.314965934696247,0.007215866509818223
19.32241661374103,0.007450679044782792
19.3301567846665,0.007740170925470055
19.33825766826722,0.008100883600723828
19.346827399255265,0.008569730988044012
19.356040658630743,0.009213259375478386
19.366211035507018,0.010170376876276224
19.377992442340634,0.011781406833616075
19.393004077428188,0.015011635087553835
19.404968686305203,0.011964608877014175
19.416330372987808,0.011361686682605005
19.42932177334406,0.012991400356251273
19.446134188377233,0.016812415033172438
19.454043904452828,0.007909716075593825
19.461459803914835,0.007415899462006259
19.469337504071028,0.007877700156191993
19.47757761933267,0.008240115261643725
19.486343886247493,0.008766266914822284
19.495836534003736,0.009492647756242522
19.506454053287502,0.010617519283766495
19.519071986368644,0.012617933081142976
19.535788114194755,0.01671612782611208
19.54441261668115,0.008624502486394224
19.55255286995566,0.008140253274510416
19.56153051169372,0.008977641738060545
19.57121483582634,0.009684324132619073
19.58221168444407,0.01099684861772998
19.595535560281117,0.013323875837050277
19.611283496451502,0.015747936170385772
19.620070383488233,0.00878688703672967
19.628492355846976,0.008421972358741434
19.637884244764386,0.0093918889174099
19.64817494290482,0.010290698140435586
19.660278557568464,0.012103614663642782
19.67589728063051,0.015618723062048595
19.686461107021415,0.010563826390904262
19.696452725422844,0.009991618401430005
19.709455237971188,0.013002512548342901
19.725878268400123,0.016423030428936863
19.733809599486584,0.007931331086459782
19.741394413691413,0.007584814204828063
19.749462794645094,0.008068380953680116
19.75795199108809,0.008489196442994538
19.767062860271245,0.00911086918315771
19.777070280360583,0.010007420089335773
19.788562612723585,0.011492332363001135
19.802959485292636,0.014396872569051875
19.816332376564127,0.01337289127149008
19.827078216995478,0.01074584043134944
19.837690406777536,0.010612189782057871
19.85165154338474,0.01396113660720435
19.86629995635324,0.014648412968503102
19.875750709129512,0.009450752776269845
19.884934151757545,0.009183442628033297
19.895735528182772,0.010801376425228918
19.908258725655788,0.012523197473015727
19.92493954887216,0.016680823216373594
19.933802825696176,0.008863276824014355
19.942151039075547,0.008348213379370813
19.951505132909,0.009354093833452549
19.961713351262517,0.010208218353520121
19.973676968691805,0.011963617429286838
19.988990262684876,0.015313293993071847
19.99449513134244,0.0055048686575620565
19.99724756567122,0.00275243432878014
19.998623782835608,0.00137621716439007
19.999311891417804,0.0006881085821959232
19.999655945708902,0.0003440542910979616
19.99982797285445,0.0001720271455489808
19.999913986427224,8.60135727744904e-05
19.999956993213612,4.300678638813338e-05
19.999980249006487,2.3255792875553136e-05
19.99999272780333,1.2478796844203782e-05
19.999998338722982,5.610919651823289e-06
20.0,1.6612770181723135e-06
